raw_text
"lex2 2.8 lbs, 2821 carradale dr, 95661-4047 roseville, ca, fat1, united states, zoey dong, dsm1, 0503 dsm1, tba132376390000, cycle 1, a sm1"
"batavia stkllt, special instructiu, metr 4684 3913 8542, g, ca 8206s, 95661, o, 230, 2, paper, fedex, mps 46843913 8553, frun, 2164 n, 9622 00 19 0 000 000 0000 0 00 4684 3913 8553, 8150 sierra college blvd ste, syta saephan, notifil, roseville ca 95661, ground, of 2, 214 787-430o, us, bill sender"
"ship to, ups ground, 41 lbs, tracking : 1z v4w 195 03 6500 6276, manautr, 2821 carradale dr, ree v0084700946203420100402, etxk-0806:, 0f 1, 1, ky dong, 95661-4047, ref, wi 34.18, 17, nippina, 310 99-085, ca 956 0-01, billing pip, roseville ca, cwtainity"
"tashayanna mixson, postage fes paid, north gate apartments, notifii llc, 621 42nd st e, williston nd 58801-6810"
"boulevard, 9410 8116 9900 0132 2248 20, 1000 eaton, ship, notifi llc, sandy benzin, eaton corporation, 8150 srra colle ge blvd suite 230, p, priority mail 2-- day, cleveland oh 44122-6058, usps signature tracking, roseville ca 95661, co28, t0"
"p, priority mail 2-day, tampa fl 33613-4722, 9410 8116 9900 0520 658 27, 8150 s8rr collede buid sute 230, station 42, 201 monticella sardens piace, ralla ramirez, usps signature tracing"
"norcross ga 30071-2936, co62, 5995 financial drive, notifii llc, jordyn smith, ship, 9410 8116 9900 0805 6075 09, 8150 srra college blvd suite 230, prigrity uail, p, priority mail 2- daym, victory world church, usps signature tracking, roseville ca 95661, to, postase  fees paid, 20ne  regional rate boxa, us"
"2700 whitney ave, blvd suite 230, emerald pointe apartment homes, ship, 8150 srra college, priority mail 2- day, hotifl llc, 9410 6116 0900 0969 0691 75, p, harvey la 70058-3310, usps signature tracking, roseville ca 95661, dsnielle mills, co05"
"1221 avenue of the americas, ship, 9410 8, priority mail 2- day, 900 0659 3262 67, p, srra college blvd suite 230, allen and overy. 20th floor, 10020-1001, usps signature tracking, blangs, roseville ca 95661, new york ny, carlos gonzales, 8150 s, co07, notifl llc"
"tashayanna e. mixson, mishawaka in 46545-3442, fro b665, 3900 edison, notifii llc, ship, vs pobtage  fees paid, lakes parkway, suite 201, 8150 srra college blvd suite 230, p, usps tracking, 9405 5116 9900 0739 5937 08, roseville ca 95661, to, c048, sterling management, ltd., priority mail 3- day"
"suall fatate box, priority mail 2- day, pramier property management, p, 9410 8116 9900 0127 0891 44, c019, bryancurley, usps signature tracking, roseville ca 95661, 8150 sierra college blvd suite 230, 1331 alrgort freeway ste 312, euless tx 76040-4150, notifl llc"
"chicago il 60611-7445, one 7 regional rate box a, llc, co34, notifii l, i, ship, 8 postaqe  fees paid, 0628000ww, 9410 8116 9900 0728 4497 29, priority mail 2-day, t0., 530 n. lake shore drive ofc 2, com pispice, usps signature tracking, roseville ca 95661, 8150 sierra college blvd suite 230, jhoanna cochico- adorno, ro, 530 lake shore drive condo mgmt office"
"priority mail 3-day, co02, 9410 8116 9900 0838 6568 64, webster tx 77598 -2032, 110 magellan cir, olympus, colquitt, patricia, notifii llc, ship, 8150 srra college blvd suite 230, p, usps signature tracking, roseville ca 95661, to"
"c100, notifii llc, 379624, 8150 srra college blvd suite 230, p, fort collins co 80521-3397, 9780201, 900, roseville ca 95661, shp, rams village, nicole mizer, constitution ave., priority mail 3- day"
"hold at following location:, shipper, nier amor-eddmerde, ral rec ipient address, folsom ca 95630, 9611358 782 1093 7444941 9, fedx intercept 3 03 rth label 5819 6244 at o962, 96630, bt 251, ashok kandipati, hal, 1850 prairie city rd, kandipati, folsom, ca, 937 815-9634, atona station drive, fedex onsite, safeway"
"p, 275 n federal hwy, sute 230, usps tracking, pumgiana beach fl 33062 4343, co09, priority mail 2- day, 9405 5116 9900 0739 2012 38, anery pamgano beach, ssy ee"
"endick, llc, c046, 5405 tuckerman lane, 6250007582, al raie paooed envelope, casrispica, ship, 9405 5116 9900 0670 2810 09, 8150 srra college blvd suite 230, p, usps tracking, us postage  fees paid, stan, notifil, roseville ca 95661, north bethesda md 20852-7301, inigos crossing, priority mail 2-daym, mustata kamel, 10"
"co02, andrea colagrande, notif llc, 8150 srra college blvd sute 30, 25 mason street. llc, priority mail 2- day, 9405 5116 9900 0739 3619 70, roseville ca so0e1, 102-2805, p, usps tracking, san francisco ca 94, 25 mason street"
"p, roseville da s5bey, anissa, 9410 8116 9900 0053 7792 27, 8150 srra collede bud, usps signature tracning, echo design, notifw l:, priority mail 2- day, 10 e 40uh streelt, group, new york ny 10016- 0r00"